firstName,lastName,email,password,role
User1,User,User001@test.com,Pass123!,student
User2,User,User002@test.com,Pass123!,student
User3,User,User003@test.com,Pass123!,student
User4,User,User004@test.com,Pass123!,student
User5,User,User005@test.com,Pass123!,student
User6,User,User006@test.com,Pass123!,student
User7,User,User007@test.com,Pass123!,student
User8,User,User008@test.com,Pass123!,student
User9,User,User009@test.com,Pass123!,student
User10,User,User010@test.com,Pass123!,student
User11,User,User011@test.com,Pass123!,student
User12,User,User012@test.com,Pass123!,student
User13,User,User013@test.com,Pass123!,student
User14,User,User014@test.com,Pass123!,student
User15,User,User015@test.com,Pass123!,student
User16,User,User016@test.com,Pass123!,student
User17,User,User017@test.com,Pass123!,student
User18,User,User018@test.com,Pass123!,student
User19,User,User019@test.com,Pass123!,student
User20,User,User020@test.com,Pass123!,student
User21,User,User021@test.com,Pass123!,student
User22,User,User022@test.com,Pass123!,student
User23,User,User023@test.com,Pass123!,student
User24,User,User024@test.com,Pass123!,student
User25,User,User025@test.com,Pass123!,student
User26,User,User026@test.com,Pass123!,student
User27,User,User027@test.com,Pass123!,student
User28,User,User028@test.com,Pass123!,student
User29,User,User029@test.com,Pass123!,student
User30,User,User030@test.com,Pass123!,student
User31,User,User031@test.com,Pass123!,student
User32,User,User032@test.com,Pass123!,student
User33,User,User033@test.com,Pass123!,student
User34,User,User034@test.com,Pass123!,student
User35,User,User035@test.com,Pass123!,student
User36,User,User036@test.com,Pass123!,student
User37,User,User037@test.com,Pass123!,student
User38,User,User038@test.com,Pass123!,student
User39,User,User039@test.com,Pass123!,student
User40,User,User040@test.com,Pass123!,student
User41,User,User041@test.com,Pass123!,student
User42,User,User042@test.com,Pass123!,student
User43,User,User043@test.com,Pass123!,student
User44,User,User044@test.com,Pass123!,student
User45,User,User045@test.com,Pass123!,student
User46,User,User046@test.com,Pass123!,student
User47,User,User047@test.com,Pass123!,student
User48,User,User048@test.com,Pass123!,student
User49,User,User049@test.com,Pass123!,student
User50,User,User050@test.com,Pass123!,student
User51,User,User051@test.com,Pass123!,student
User52,User,User052@test.com,Pass123!,student
User53,User,User053@test.com,Pass123!,student
User54,User,User054@test.com,Pass123!,student
User55,User,User055@test.com,Pass123!,student
User56,User,User056@test.com,Pass123!,student
User57,User,User057@test.com,Pass123!,student
User58,User,User058@test.com,Pass123!,student
User59,User,User059@test.com,Pass123!,student
User60,User,User060@test.com,Pass123!,student
User61,User,User061@test.com,Pass123!,student
User62,User,User062@test.com,Pass123!,student
User63,User,User063@test.com,Pass123!,student
User64,User,User064@test.com,Pass123!,student
User65,User,User065@test.com,Pass123!,student
User66,User,User066@test.com,Pass123!,student
User67,User,User067@test.com,Pass123!,student
User68,User,User068@test.com,Pass123!,student
User69,User,User069@test.com,Pass123!,student
User70,User,User070@test.com,Pass123!,student
User71,User,User071@test.com,Pass123!,student
User72,User,User072@test.com,Pass123!,student
User73,User,User073@test.com,Pass123!,student
User74,User,User074@test.com,Pass123!,student
User75,User,User075@test.com,Pass123!,student
User76,User,User076@test.com,Pass123!,student
User77,User,User077@test.com,Pass123!,student
User78,User,User078@test.com,Pass123!,student
User79,User,User079@test.com,Pass123!,student
User80,User,User080@test.com,Pass123!,student
User81,User,User081@test.com,Pass123!,student
User82,User,User082@test.com,Pass123!,student
User83,User,User083@test.com,Pass123!,student
User84,User,User084@test.com,Pass123!,student
User85,User,User085@test.com,Pass123!,student
User86,User,User086@test.com,Pass123!,student
User87,User,User087@test.com,Pass123!,student
User88,User,User088@test.com,Pass123!,student
User89,User,User089@test.com,Pass123!,student
User90,User,User090@test.com,Pass123!,student
User91,User,User091@test.com,Pass123!,student
User92,User,User092@test.com,Pass123!,student
User93,User,User093@test.com,Pass123!,student
User94,User,User094@test.com,Pass123!,student
User95,User,User095@test.com,Pass123!,student
User96,User,User096@test.com,Pass123!,student
User97,User,User097@test.com,Pass123!,student
User98,User,User098@test.com,Pass123!,student
User99,User,User099@test.com,Pass123!,student
User100,User,User100@test.com,Pass123!,student
User101,User,User101@test.com,Pass123!,student
User102,User,User102@test.com,Pass123!,student
User103,User,User103@test.com,Pass123!,student
User104,User,User104@test.com,Pass123!,student
User105,User,User105@test.com,Pass123!,student
User106,User,User106@test.com,Pass123!,student
User107,User,User107@test.com,Pass123!,student
User108,User,User108@test.com,Pass123!,student
User109,User,User109@test.com,Pass123!,student
User110,User,User110@test.com,Pass123!,student
User111,User,User111@test.com,Pass123!,student
User112,User,User112@test.com,Pass123!,student
User113,User,User113@test.com,Pass123!,student
User114,User,User114@test.com,Pass123!,student
User115,User,User115@test.com,Pass123!,student
User116,User,User116@test.com,Pass123!,student
User117,User,User117@test.com,Pass123!,student
User118,User,User118@test.com,Pass123!,student
User119,User,User119@test.com,Pass123!,student
User120,User,User120@test.com,Pass123!,student
User121,User,User121@test.com,Pass123!,student
User122,User,User122@test.com,Pass123!,student
User123,User,User123@test.com,Pass123!,student
User124,User,User124@test.com,Pass123!,student
User125,User,User125@test.com,Pass123!,student
User126,User,User126@test.com,Pass123!,student
User127,User,User127@test.com,Pass123!,student
User128,User,User128@test.com,Pass123!,student
User129,User,User129@test.com,Pass123!,student
User130,User,User130@test.com,Pass123!,student
User131,User,User131@test.com,Pass123!,student
User132,User,User132@test.com,Pass123!,student
User133,User,User133@test.com,Pass123!,student
User134,User,User134@test.com,Pass123!,student
User135,User,User135@test.com,Pass123!,student
User136,User,User136@test.com,Pass123!,student
User137,User,User137@test.com,Pass123!,student
User138,User,User138@test.com,Pass123!,student
User139,User,User139@test.com,Pass123!,student
User140,User,User140@test.com,Pass123!,student
User141,User,User141@test.com,Pass123!,student
User142,User,User142@test.com,Pass123!,student
User143,User,User143@test.com,Pass123!,student
User144,User,User144@test.com,Pass123!,student
User145,User,User145@test.com,Pass123!,student
User146,User,User146@test.com,Pass123!,student
User147,User,User147@test.com,Pass123!,student
User148,User,User148@test.com,Pass123!,student
User149,User,User149@test.com,Pass123!,student
User150,User,User150@test.com,Pass123!,student
User151,User,User151@test.com,Pass123!,student
User152,User,User152@test.com,Pass123!,student
User153,User,User153@test.com,Pass123!,student
User154,User,User154@test.com,Pass123!,student
User155,User,User155@test.com,Pass123!,student
User156,User,User156@test.com,Pass123!,student
User157,User,User157@test.com,Pass123!,student
User158,User,User158@test.com,Pass123!,student
User159,User,User159@test.com,Pass123!,student
User160,User,User160@test.com,Pass123!,student
User161,User,User161@test.com,Pass123!,student
User162,User,User162@test.com,Pass123!,student
User163,User,User163@test.com,Pass123!,student
User164,User,User164@test.com,Pass123!,student
User165,User,User165@test.com,Pass123!,student
User166,User,User166@test.com,Pass123!,student
User167,User,User167@test.com,Pass123!,student
User168,User,User168@test.com,Pass123!,student
User169,User,User169@test.com,Pass123!,student
User170,User,User170@test.com,Pass123!,student
User171,User,User171@test.com,Pass123!,student
User172,User,User172@test.com,Pass123!,student
User173,User,User173@test.com,Pass123!,student
User174,User,User174@test.com,Pass123!,student
User175,User,User175@test.com,Pass123!,student
User176,User,User176@test.com,Pass123!,student
User177,User,User177@test.com,Pass123!,student
User178,User,User178@test.com,Pass123!,student
User179,User,User179@test.com,Pass123!,student
User180,User,User180@test.com,Pass123!,student
User181,User,User181@test.com,Pass123!,student
User182,User,User182@test.com,Pass123!,student
User183,User,User183@test.com,Pass123!,student
User184,User,User184@test.com,Pass123!,student
User185,User,User185@test.com,Pass123!,student
User186,User,User186@test.com,Pass123!,student
User187,User,User187@test.com,Pass123!,student
User188,User,User188@test.com,Pass123!,student
User189,User,User189@test.com,Pass123!,student
User190,User,User190@test.com,Pass123!,student
User191,User,User191@test.com,Pass123!,student
User192,User,User192@test.com,Pass123!,student
User193,User,User193@test.com,Pass123!,student
User194,User,User194@test.com,Pass123!,student
User195,User,User195@test.com,Pass123!,student
User196,User,User196@test.com,Pass123!,student
User197,User,User197@test.com,Pass123!,student
User198,User,User198@test.com,Pass123!,student
User199,User,User199@test.com,Pass123!,student
User200,User,User200@test.com,Pass123!,student
User201,User,User201@test.com,Pass123!,student
User202,User,User202@test.com,Pass123!,student
User203,User,User203@test.com,Pass123!,student
User204,User,User204@test.com,Pass123!,student
User205,User,User205@test.com,Pass123!,student
User206,User,User206@test.com,Pass123!,student
User207,User,User207@test.com,Pass123!,student
User208,User,User208@test.com,Pass123!,student
User209,User,User209@test.com,Pass123!,student
User210,User,User210@test.com,Pass123!,student
User211,User,User211@test.com,Pass123!,student
User212,User,User212@test.com,Pass123!,student
User213,User,User213@test.com,Pass123!,student
User214,User,User214@test.com,Pass123!,student
User215,User,User215@test.com,Pass123!,student
User216,User,User216@test.com,Pass123!,student
User217,User,User217@test.com,Pass123!,student
User218,User,User218@test.com,Pass123!,student
User219,User,User219@test.com,Pass123!,student
User220,User,User220@test.com,Pass123!,student
User221,User,User221@test.com,Pass123!,student
User222,User,User222@test.com,Pass123!,student
User223,User,User223@test.com,Pass123!,student
User224,User,User224@test.com,Pass123!,student
User225,User,User225@test.com,Pass123!,student
User226,User,User226@test.com,Pass123!,student
User227,User,User227@test.com,Pass123!,student
User228,User,User228@test.com,Pass123!,student
User229,User,User229@test.com,Pass123!,student
User230,User,User230@test.com,Pass123!,student
User231,User,User231@test.com,Pass123!,student
User232,User,User232@test.com,Pass123!,student
User233,User,User233@test.com,Pass123!,student
User234,User,User234@test.com,Pass123!,student
User235,User,User235@test.com,Pass123!,student
User236,User,User236@test.com,Pass123!,student
User237,User,User237@test.com,Pass123!,student
User238,User,User238@test.com,Pass123!,student
User239,User,User239@test.com,Pass123!,student
User240,User,User240@test.com,Pass123!,student
User241,User,User241@test.com,Pass123!,student
User242,User,User242@test.com,Pass123!,student
User243,User,User243@test.com,Pass123!,student
User244,User,User244@test.com,Pass123!,student
User245,User,User245@test.com,Pass123!,student
User246,User,User246@test.com,Pass123!,student
User247,User,User247@test.com,Pass123!,student
User248,User,User248@test.com,Pass123!,student
User249,User,User249@test.com,Pass123!,student
User250,User,User250@test.com,Pass123!,student
User251,User,User251@test.com,Pass123!,student
User252,User,User252@test.com,Pass123!,student
User253,User,User253@test.com,Pass123!,student
User254,User,User254@test.com,Pass123!,student
User255,User,User255@test.com,Pass123!,student
User256,User,User256@test.com,Pass123!,student
User257,User,User257@test.com,Pass123!,student
User258,User,User258@test.com,Pass123!,student
User259,User,User259@test.com,Pass123!,student
User260,User,User260@test.com,Pass123!,student
User261,User,User261@test.com,Pass123!,student
User262,User,User262@test.com,Pass123!,student
User263,User,User263@test.com,Pass123!,student
User264,User,User264@test.com,Pass123!,student
User265,User,User265@test.com,Pass123!,student
User266,User,User266@test.com,Pass123!,student
User267,User,User267@test.com,Pass123!,student
User268,User,User268@test.com,Pass123!,student
User269,User,User269@test.com,Pass123!,student
User270,User,User270@test.com,Pass123!,student
User271,User,User271@test.com,Pass123!,student
User272,User,User272@test.com,Pass123!,student
User273,User,User273@test.com,Pass123!,student
User274,User,User274@test.com,Pass123!,student
User275,User,User275@test.com,Pass123!,student
User276,User,User276@test.com,Pass123!,student
User277,User,User277@test.com,Pass123!,student
User278,User,User278@test.com,Pass123!,student
User279,User,User279@test.com,Pass123!,student
User280,User,User280@test.com,Pass123!,student
User281,User,User281@test.com,Pass123!,student
User282,User,User282@test.com,Pass123!,student
User283,User,User283@test.com,Pass123!,student
User284,User,User284@test.com,Pass123!,student
User285,User,User285@test.com,Pass123!,student
User286,User,User286@test.com,Pass123!,student
User287,User,User287@test.com,Pass123!,student
User288,User,User288@test.com,Pass123!,student
User289,User,User289@test.com,Pass123!,student
User290,User,User290@test.com,Pass123!,student
User291,User,User291@test.com,Pass123!,student
User292,User,User292@test.com,Pass123!,student
User293,User,User293@test.com,Pass123!,student
User294,User,User294@test.com,Pass123!,student
User295,User,User295@test.com,Pass123!,student
User296,User,User296@test.com,Pass123!,student
User297,User,User297@test.com,Pass123!,student
User298,User,User298@test.com,Pass123!,student
User299,User,User299@test.com,Pass123!,student
User300,User,User300@test.com,Pass123!,student
User301,User,User301@test.com,Pass123!,student
User302,User,User302@test.com,Pass123!,student
User303,User,User303@test.com,Pass123!,student
User304,User,User304@test.com,Pass123!,student
User305,User,User305@test.com,Pass123!,student
User306,User,User306@test.com,Pass123!,student
User307,User,User307@test.com,Pass123!,student
User308,User,User308@test.com,Pass123!,student
User309,User,User309@test.com,Pass123!,student
User310,User,User310@test.com,Pass123!,student
User311,User,User311@test.com,Pass123!,student
User312,User,User312@test.com,Pass123!,student
User313,User,User313@test.com,Pass123!,student
User314,User,User314@test.com,Pass123!,student
User315,User,User315@test.com,Pass123!,student
User316,User,User316@test.com,Pass123!,student
User317,User,User317@test.com,Pass123!,student
User318,User,User318@test.com,Pass123!,student
User319,User,User319@test.com,Pass123!,student
User320,User,User320@test.com,Pass123!,student
User321,User,User321@test.com,Pass123!,student
User322,User,User322@test.com,Pass123!,student
User323,User,User323@test.com,Pass123!,student
User324,User,User324@test.com,Pass123!,student
User325,User,User325@test.com,Pass123!,student
User326,User,User326@test.com,Pass123!,student
User327,User,User327@test.com,Pass123!,student
User328,User,User328@test.com,Pass123!,student
User329,User,User329@test.com,Pass123!,student
User330,User,User330@test.com,Pass123!,student
User331,User,User331@test.com,Pass123!,student
User332,User,User332@test.com,Pass123!,student
User333,User,User333@test.com,Pass123!,student
User334,User,User334@test.com,Pass123!,student
User335,User,User335@test.com,Pass123!,student
User336,User,User336@test.com,Pass123!,student
User337,User,User337@test.com,Pass123!,student
User338,User,User338@test.com,Pass123!,student
User339,User,User339@test.com,Pass123!,student
User340,User,User340@test.com,Pass123!,student
User341,User,User341@test.com,Pass123!,student
User342,User,User342@test.com,Pass123!,student
User343,User,User343@test.com,Pass123!,student
User344,User,User344@test.com,Pass123!,student
User345,User,User345@test.com,Pass123!,student
User346,User,User346@test.com,Pass123!,student
User347,User,User347@test.com,Pass123!,student
User348,User,User348@test.com,Pass123!,student
User349,User,User349@test.com,Pass123!,student
User350,User,User350@test.com,Pass123!,student
User351,User,User351@test.com,Pass123!,student
User352,User,User352@test.com,Pass123!,student
User353,User,User353@test.com,Pass123!,student
User354,User,User354@test.com,Pass123!,student
User355,User,User355@test.com,Pass123!,student
User356,User,User356@test.com,Pass123!,student
User357,User,User357@test.com,Pass123!,student
User358,User,User358@test.com,Pass123!,student
User359,User,User359@test.com,Pass123!,student
User360,User,User360@test.com,Pass123!,student
User361,User,User361@test.com,Pass123!,student
User362,User,User362@test.com,Pass123!,student
User363,User,User363@test.com,Pass123!,student
User364,User,User364@test.com,Pass123!,student
User365,User,User365@test.com,Pass123!,student
User366,User,User366@test.com,Pass123!,student
User367,User,User367@test.com,Pass123!,student
User368,User,User368@test.com,Pass123!,student
User369,User,User369@test.com,Pass123!,student
User370,User,User370@test.com,Pass123!,student
User371,User,User371@test.com,Pass123!,student
User372,User,User372@test.com,Pass123!,student
User373,User,User373@test.com,Pass123!,student
User374,User,User374@test.com,Pass123!,student
User375,User,User375@test.com,Pass123!,student
User376,User,User376@test.com,Pass123!,student
User377,User,User377@test.com,Pass123!,student
User378,User,User378@test.com,Pass123!,student
User379,User,User379@test.com,Pass123!,student
User380,User,User380@test.com,Pass123!,student
User381,User,User381@test.com,Pass123!,student
User382,User,User382@test.com,Pass123!,student
User383,User,User383@test.com,Pass123!,student
User384,User,User384@test.com,Pass123!,student
User385,User,User385@test.com,Pass123!,student
User386,User,User386@test.com,Pass123!,student
User387,User,User387@test.com,Pass123!,student
User388,User,User388@test.com,Pass123!,student
User389,User,User389@test.com,Pass123!,student
User390,User,User390@test.com,Pass123!,student
User391,User,User391@test.com,Pass123!,student
User392,User,User392@test.com,Pass123!,student
User393,User,User393@test.com,Pass123!,student
User394,User,User394@test.com,Pass123!,student
User395,User,User395@test.com,Pass123!,student
User396,User,User396@test.com,Pass123!,student
User397,User,User397@test.com,Pass123!,student
User398,User,User398@test.com,Pass123!,student
User399,User,User399@test.com,Pass123!,student
User400,User,User400@test.com,Pass123!,student
User401,User,User401@test.com,Pass123!,student
User402,User,User402@test.com,Pass123!,student
User403,User,User403@test.com,Pass123!,student
User404,User,User404@test.com,Pass123!,student
User405,User,User405@test.com,Pass123!,student
User406,User,User406@test.com,Pass123!,student
User407,User,User407@test.com,Pass123!,student
User408,User,User408@test.com,Pass123!,student
User409,User,User409@test.com,Pass123!,student
User410,User,User410@test.com,Pass123!,student
User411,User,User411@test.com,Pass123!,student
User412,User,User412@test.com,Pass123!,student
User413,User,User413@test.com,Pass123!,student
User414,User,User414@test.com,Pass123!,student
User415,User,User415@test.com,Pass123!,student
User416,User,User416@test.com,Pass123!,student
User417,User,User417@test.com,Pass123!,student
User418,User,User418@test.com,Pass123!,student
User419,User,User419@test.com,Pass123!,student
User420,User,User420@test.com,Pass123!,student
User421,User,User421@test.com,Pass123!,student
User422,User,User422@test.com,Pass123!,student
User423,User,User423@test.com,Pass123!,student
User424,User,User424@test.com,Pass123!,student
User425,User,User425@test.com,Pass123!,student
User426,User,User426@test.com,Pass123!,student
User427,User,User427@test.com,Pass123!,student
User428,User,User428@test.com,Pass123!,student
User429,User,User429@test.com,Pass123!,student
User430,User,User430@test.com,Pass123!,student
User431,User,User431@test.com,Pass123!,student
User432,User,User432@test.com,Pass123!,student
User433,User,User433@test.com,Pass123!,student
User434,User,User434@test.com,Pass123!,student
User435,User,User435@test.com,Pass123!,student
User436,User,User436@test.com,Pass123!,student
User437,User,User437@test.com,Pass123!,student
User438,User,User438@test.com,Pass123!,student
User439,User,User439@test.com,Pass123!,student
User440,User,User440@test.com,Pass123!,student
User441,User,User441@test.com,Pass123!,student
User442,User,User442@test.com,Pass123!,student
User443,User,User443@test.com,Pass123!,student
User444,User,User444@test.com,Pass123!,student
User445,User,User445@test.com,Pass123!,student
User446,User,User446@test.com,Pass123!,student
User447,User,User447@test.com,Pass123!,student
User448,User,User448@test.com,Pass123!,student
User449,User,User449@test.com,Pass123!,student
User450,User,User450@test.com,Pass123!,student
User451,User,User451@test.com,Pass123!,student
User452,User,User452@test.com,Pass123!,student
User453,User,User453@test.com,Pass123!,student
User454,User,User454@test.com,Pass123!,student
User455,User,User455@test.com,Pass123!,student
User456,User,User456@test.com,Pass123!,student
User457,User,User457@test.com,Pass123!,student
User458,User,User458@test.com,Pass123!,student
User459,User,User459@test.com,Pass123!,student
User460,User,User460@test.com,Pass123!,student
User461,User,User461@test.com,Pass123!,student
User462,User,User462@test.com,Pass123!,student
User463,User,User463@test.com,Pass123!,student
User464,User,User464@test.com,Pass123!,student
User465,User,User465@test.com,Pass123!,student
User466,User,User466@test.com,Pass123!,student
User467,User,User467@test.com,Pass123!,student
User468,User,User468@test.com,Pass123!,student
User469,User,User469@test.com,Pass123!,student
User470,User,User470@test.com,Pass123!,student
User471,User,User471@test.com,Pass123!,student
User472,User,User472@test.com,Pass123!,student
User473,User,User473@test.com,Pass123!,student
User474,User,User474@test.com,Pass123!,student
User475,User,User475@test.com,Pass123!,student
User476,User,User476@test.com,Pass123!,student
User477,User,User477@test.com,Pass123!,student
User478,User,User478@test.com,Pass123!,student
User479,User,User479@test.com,Pass123!,student
User480,User,User480@test.com,Pass123!,student
User481,User,User481@test.com,Pass123!,student
User482,User,User482@test.com,Pass123!,student
User483,User,User483@test.com,Pass123!,student
User484,User,User484@test.com,Pass123!,student
User485,User,User485@test.com,Pass123!,student
User486,User,User486@test.com,Pass123!,student
User487,User,User487@test.com,Pass123!,student
User488,User,User488@test.com,Pass123!,student
User489,User,User489@test.com,Pass123!,student
User490,User,User490@test.com,Pass123!,student
User491,User,User491@test.com,Pass123!,student
User492,User,User492@test.com,Pass123!,student
User493,User,User493@test.com,Pass123!,student
User494,User,User494@test.com,Pass123!,student
User495,User,User495@test.com,Pass123!,student
User496,User,User496@test.com,Pass123!,student
User497,User,User497@test.com,Pass123!,student
User498,User,User498@test.com,Pass123!,student
User499,User,User499@test.com,Pass123!,student
User500,User,User500@test.com,Pass123!,student
User501,User,User501@test.com,Pass123!,student
User502,User,User502@test.com,Pass123!,student
User503,User,User503@test.com,Pass123!,student
User504,User,User504@test.com,Pass123!,student
User505,User,User505@test.com,Pass123!,student
User506,User,User506@test.com,Pass123!,student
User507,User,User507@test.com,Pass123!,student
User508,User,User508@test.com,Pass123!,student
User509,User,User509@test.com,Pass123!,student
User510,User,User510@test.com,Pass123!,student
User511,User,User511@test.com,Pass123!,student
User512,User,User512@test.com,Pass123!,student
User513,User,User513@test.com,Pass123!,student
User514,User,User514@test.com,Pass123!,student
User515,User,User515@test.com,Pass123!,student
User516,User,User516@test.com,Pass123!,student
User517,User,User517@test.com,Pass123!,student
User518,User,User518@test.com,Pass123!,student
User519,User,User519@test.com,Pass123!,student
User520,User,User520@test.com,Pass123!,student
User521,User,User521@test.com,Pass123!,student
User522,User,User522@test.com,Pass123!,student
User523,User,User523@test.com,Pass123!,student
User524,User,User524@test.com,Pass123!,student
User525,User,User525@test.com,Pass123!,student
User526,User,User526@test.com,Pass123!,student
User527,User,User527@test.com,Pass123!,student
User528,User,User528@test.com,Pass123!,student
User529,User,User529@test.com,Pass123!,student
User530,User,User530@test.com,Pass123!,student
User531,User,User531@test.com,Pass123!,student
User532,User,User532@test.com,Pass123!,student
User533,User,User533@test.com,Pass123!,student
User534,User,User534@test.com,Pass123!,student
User535,User,User535@test.com,Pass123!,student
User536,User,User536@test.com,Pass123!,student
User537,User,User537@test.com,Pass123!,student
User538,User,User538@test.com,Pass123!,student
User539,User,User539@test.com,Pass123!,student
User540,User,User540@test.com,Pass123!,student
User541,User,User541@test.com,Pass123!,student
User542,User,User542@test.com,Pass123!,student
User543,User,User543@test.com,Pass123!,student
User544,User,User544@test.com,Pass123!,student
User545,User,User545@test.com,Pass123!,student
User546,User,User546@test.com,Pass123!,student
User547,User,User547@test.com,Pass123!,student
User548,User,User548@test.com,Pass123!,student
User549,User,User549@test.com,Pass123!,student
User550,User,User550@test.com,Pass123!,student
User551,User,User551@test.com,Pass123!,student
User552,User,User552@test.com,Pass123!,student
User553,User,User553@test.com,Pass123!,student
User554,User,User554@test.com,Pass123!,student
User555,User,User555@test.com,Pass123!,student
User556,User,User556@test.com,Pass123!,student
User557,User,User557@test.com,Pass123!,student
User558,User,User558@test.com,Pass123!,student
User559,User,User559@test.com,Pass123!,student
User560,User,User560@test.com,Pass123!,student
User561,User,User561@test.com,Pass123!,student
User562,User,User562@test.com,Pass123!,student
User563,User,User563@test.com,Pass123!,student
User564,User,User564@test.com,Pass123!,student
User565,User,User565@test.com,Pass123!,student
User566,User,User566@test.com,Pass123!,student
User567,User,User567@test.com,Pass123!,student
User568,User,User568@test.com,Pass123!,student
User569,User,User569@test.com,Pass123!,student
User570,User,User570@test.com,Pass123!,student
User571,User,User571@test.com,Pass123!,student
User572,User,User572@test.com,Pass123!,student
User573,User,User573@test.com,Pass123!,student
User574,User,User574@test.com,Pass123!,student
User575,User,User575@test.com,Pass123!,student
User576,User,User576@test.com,Pass123!,student
User577,User,User577@test.com,Pass123!,student
User578,User,User578@test.com,Pass123!,student
User579,User,User579@test.com,Pass123!,student
User580,User,User580@test.com,Pass123!,student
User581,User,User581@test.com,Pass123!,student
User582,User,User582@test.com,Pass123!,student
User583,User,User583@test.com,Pass123!,student
User584,User,User584@test.com,Pass123!,student
User585,User,User585@test.com,Pass123!,student
User586,User,User586@test.com,Pass123!,student
User587,User,User587@test.com,Pass123!,student
User588,User,User588@test.com,Pass123!,student
User589,User,User589@test.com,Pass123!,student
User590,User,User590@test.com,Pass123!,student
User591,User,User591@test.com,Pass123!,student
User592,User,User592@test.com,Pass123!,student
User593,User,User593@test.com,Pass123!,student
User594,User,User594@test.com,Pass123!,student
User595,User,User595@test.com,Pass123!,student
User596,User,User596@test.com,Pass123!,student
User597,User,User597@test.com,Pass123!,student
User598,User,User598@test.com,Pass123!,student
User599,User,User599@test.com,Pass123!,student
User600,User,User600@test.com,Pass123!,student
User601,User,User601@test.com,Pass123!,instructor
User602,User,User602@test.com,Pass123!,instructor
User603,User,User603@test.com,Pass123!,instructor
User604,User,User604@test.com,Pass123!,instructor
User605,User,User605@test.com,Pass123!,instructor
User606,User,User606@test.com,Pass123!,instructor
User607,User,User607@test.com,Pass123!,instructor
User608,User,User608@test.com,Pass123!,instructor
User609,User,User609@test.com,Pass123!,instructor
User610,User,User610@test.com,Pass123!,instructor
User611,User,User611@test.com,Pass123!,instructor
User612,User,User612@test.com,Pass123!,instructor
User613,User,User613@test.com,Pass123!,instructor
User614,User,User614@test.com,Pass123!,instructor
User615,User,User615@test.com,Pass123!,instructor
User616,User,User616@test.com,Pass123!,instructor
User617,User,User617@test.com,Pass123!,instructor
User618,User,User618@test.com,Pass123!,instructor
User619,User,User619@test.com,Pass123!,instructor
User620,User,User620@test.com,Pass123!,instructor
User621,User,User621@test.com,Pass123!,instructor
User622,User,User622@test.com,Pass123!,instructor
User623,User,User623@test.com,Pass123!,instructor
User624,User,User624@test.com,Pass123!,instructor
User625,User,User625@test.com,Pass123!,instructor
User626,User,User626@test.com,Pass123!,instructor
User627,User,User627@test.com,Pass123!,instructor
User628,User,User628@test.com,Pass123!,instructor
User629,User,User629@test.com,Pass123!,instructor
User630,User,User630@test.com,Pass123!,instructor
User631,User,User631@test.com,Pass123!,instructor
User632,User,User632@test.com,Pass123!,instructor
User633,User,User633@test.com,Pass123!,instructor
User634,User,User634@test.com,Pass123!,instructor
User635,User,User635@test.com,Pass123!,instructor
User636,User,User636@test.com,Pass123!,instructor
User637,User,User637@test.com,Pass123!,instructor
User638,User,User638@test.com,Pass123!,instructor
User639,User,User639@test.com,Pass123!,instructor
User640,User,User640@test.com,Pass123!,instructor
User641,User,User641@test.com,Pass123!,instructor
User642,User,User642@test.com,Pass123!,instructor
User643,User,User643@test.com,Pass123!,instructor
User644,User,User644@test.com,Pass123!,instructor
User645,User,User645@test.com,Pass123!,instructor
User646,User,User646@test.com,Pass123!,instructor
User647,User,User647@test.com,Pass123!,instructor
User648,User,User648@test.com,Pass123!,instructor
User649,User,User649@test.com,Pass123!,instructor
User650,User,User650@test.com,Pass123!,instructor
User651,User,User651@test.com,Pass123!,instructor
User652,User,User652@test.com,Pass123!,instructor
User653,User,User653@test.com,Pass123!,instructor
User654,User,User654@test.com,Pass123!,instructor
User655,User,User655@test.com,Pass123!,instructor
User656,User,User656@test.com,Pass123!,instructor
User657,User,User657@test.com,Pass123!,instructor
User658,User,User658@test.com,Pass123!,instructor
User659,User,User659@test.com,Pass123!,instructor
User660,User,User660@test.com,Pass123!,instructor
User661,User,User661@test.com,Pass123!,instructor
User662,User,User662@test.com,Pass123!,instructor
User663,User,User663@test.com,Pass123!,instructor
User664,User,User664@test.com,Pass123!,instructor
User665,User,User665@test.com,Pass123!,instructor
User666,User,User666@test.com,Pass123!,instructor
User667,User,User667@test.com,Pass123!,instructor
User668,User,User668@test.com,Pass123!,instructor
User669,User,User669@test.com,Pass123!,instructor
User670,User,User670@test.com,Pass123!,instructor
User671,User,User671@test.com,Pass123!,instructor
User672,User,User672@test.com,Pass123!,instructor
User673,User,User673@test.com,Pass123!,instructor
User674,User,User674@test.com,Pass123!,instructor
User675,User,User675@test.com,Pass123!,instructor
User676,User,User676@test.com,Pass123!,instructor
User677,User,User677@test.com,Pass123!,instructor
User678,User,User678@test.com,Pass123!,instructor
User679,User,User679@test.com,Pass123!,instructor
User680,User,User680@test.com,Pass123!,instructor
User681,User,User681@test.com,Pass123!,instructor
User682,User,User682@test.com,Pass123!,instructor
User683,User,User683@test.com,Pass123!,instructor
User684,User,User684@test.com,Pass123!,instructor
User685,User,User685@test.com,Pass123!,instructor
User686,User,User686@test.com,Pass123!,instructor
User687,User,User687@test.com,Pass123!,instructor
User688,User,User688@test.com,Pass123!,instructor
User689,User,User689@test.com,Pass123!,instructor
User690,User,User690@test.com,Pass123!,instructor
User691,User,User691@test.com,Pass123!,instructor
User692,User,User692@test.com,Pass123!,instructor
User693,User,User693@test.com,Pass123!,instructor
User694,User,User694@test.com,Pass123!,instructor
User695,User,User695@test.com,Pass123!,instructor
User696,User,User696@test.com,Pass123!,instructor
User697,User,User697@test.com,Pass123!,instructor
User698,User,User698@test.com,Pass123!,instructor
User699,User,User699@test.com,Pass123!,instructor
User700,User,User700@test.com,Pass123!,instructor
User701,User,User701@test.com,Pass123!,instructor
User702,User,User702@test.com,Pass123!,instructor
User703,User,User703@test.com,Pass123!,instructor
User704,User,User704@test.com,Pass123!,instructor
User705,User,User705@test.com,Pass123!,instructor
User706,User,User706@test.com,Pass123!,instructor
User707,User,User707@test.com,Pass123!,instructor
User708,User,User708@test.com,Pass123!,instructor
User709,User,User709@test.com,Pass123!,instructor
User710,User,User710@test.com,Pass123!,instructor
User711,User,User711@test.com,Pass123!,instructor
User712,User,User712@test.com,Pass123!,instructor
User713,User,User713@test.com,Pass123!,instructor
User714,User,User714@test.com,Pass123!,instructor
User715,User,User715@test.com,Pass123!,instructor
User716,User,User716@test.com,Pass123!,instructor
User717,User,User717@test.com,Pass123!,instructor
User718,User,User718@test.com,Pass123!,instructor
User719,User,User719@test.com,Pass123!,instructor
User720,User,User720@test.com,Pass123!,instructor
User721,User,User721@test.com,Pass123!,instructor
User722,User,User722@test.com,Pass123!,instructor
User723,User,User723@test.com,Pass123!,instructor
User724,User,User724@test.com,Pass123!,instructor
User725,User,User725@test.com,Pass123!,instructor
User726,User,User726@test.com,Pass123!,instructor
User727,User,User727@test.com,Pass123!,instructor
User728,User,User728@test.com,Pass123!,instructor
User729,User,User729@test.com,Pass123!,instructor
User730,User,User730@test.com,Pass123!,instructor
User731,User,User731@test.com,Pass123!,instructor
User732,User,User732@test.com,Pass123!,instructor
User733,User,User733@test.com,Pass123!,instructor
User734,User,User734@test.com,Pass123!,instructor
User735,User,User735@test.com,Pass123!,instructor
User736,User,User736@test.com,Pass123!,instructor
User737,User,User737@test.com,Pass123!,instructor
User738,User,User738@test.com,Pass123!,instructor
User739,User,User739@test.com,Pass123!,instructor
User740,User,User740@test.com,Pass123!,instructor
User741,User,User741@test.com,Pass123!,instructor
User742,User,User742@test.com,Pass123!,instructor
User743,User,User743@test.com,Pass123!,instructor
User744,User,User744@test.com,Pass123!,instructor
User745,User,User745@test.com,Pass123!,instructor
User746,User,User746@test.com,Pass123!,instructor
User747,User,User747@test.com,Pass123!,instructor
User748,User,User748@test.com,Pass123!,instructor
User749,User,User749@test.com,Pass123!,instructor
User750,User,User750@test.com,Pass123!,instructor
User751,User,User751@test.com,Pass123!,instructor
User752,User,User752@test.com,Pass123!,instructor
User753,User,User753@test.com,Pass123!,instructor
User754,User,User754@test.com,Pass123!,instructor
User755,User,User755@test.com,Pass123!,instructor
User756,User,User756@test.com,Pass123!,instructor
User757,User,User757@test.com,Pass123!,instructor
User758,User,User758@test.com,Pass123!,instructor
User759,User,User759@test.com,Pass123!,instructor
User760,User,User760@test.com,Pass123!,instructor
User761,User,User761@test.com,Pass123!,instructor
User762,User,User762@test.com,Pass123!,instructor
User763,User,User763@test.com,Pass123!,instructor
User764,User,User764@test.com,Pass123!,instructor
User765,User,User765@test.com,Pass123!,instructor
User766,User,User766@test.com,Pass123!,instructor
User767,User,User767@test.com,Pass123!,instructor
User768,User,User768@test.com,Pass123!,instructor
User769,User,User769@test.com,Pass123!,instructor
User770,User,User770@test.com,Pass123!,instructor
User771,User,User771@test.com,Pass123!,instructor
User772,User,User772@test.com,Pass123!,instructor
User773,User,User773@test.com,Pass123!,instructor
User774,User,User774@test.com,Pass123!,instructor
User775,User,User775@test.com,Pass123!,instructor
User776,User,User776@test.com,Pass123!,instructor
User777,User,User777@test.com,Pass123!,instructor
User778,User,User778@test.com,Pass123!,instructor
User779,User,User779@test.com,Pass123!,instructor
User780,User,User780@test.com,Pass123!,instructor
User781,User,User781@test.com,Pass123!,instructor
User782,User,User782@test.com,Pass123!,instructor
User783,User,User783@test.com,Pass123!,instructor
User784,User,User784@test.com,Pass123!,instructor
User785,User,User785@test.com,Pass123!,instructor
User786,User,User786@test.com,Pass123!,instructor
User787,User,User787@test.com,Pass123!,instructor
User788,User,User788@test.com,Pass123!,instructor
User789,User,User789@test.com,Pass123!,instructor
User790,User,User790@test.com,Pass123!,instructor
User791,User,User791@test.com,Pass123!,instructor
User792,User,User792@test.com,Pass123!,instructor
User793,User,User793@test.com,Pass123!,instructor
User794,User,User794@test.com,Pass123!,instructor
User795,User,User795@test.com,Pass123!,instructor
User796,User,User796@test.com,Pass123!,instructor
User797,User,User797@test.com,Pass123!,instructor
User798,User,User798@test.com,Pass123!,instructor
User799,User,User799@test.com,Pass123!,instructor
User800,User,User800@test.com,Pass123!,instructor
User801,User,User801@test.com,Pass123!,instructor
User802,User,User802@test.com,Pass123!,instructor
User803,User,User803@test.com,Pass123!,instructor
User804,User,User804@test.com,Pass123!,instructor
User805,User,User805@test.com,Pass123!,instructor
User806,User,User806@test.com,Pass123!,instructor
User807,User,User807@test.com,Pass123!,instructor
User808,User,User808@test.com,Pass123!,instructor
User809,User,User809@test.com,Pass123!,instructor
User810,User,User810@test.com,Pass123!,instructor
User811,User,User811@test.com,Pass123!,instructor
User812,User,User812@test.com,Pass123!,instructor
User813,User,User813@test.com,Pass123!,instructor
User814,User,User814@test.com,Pass123!,instructor
User815,User,User815@test.com,Pass123!,instructor
User816,User,User816@test.com,Pass123!,instructor
User817,User,User817@test.com,Pass123!,instructor
User818,User,User818@test.com,Pass123!,instructor
User819,User,User819@test.com,Pass123!,instructor
User820,User,User820@test.com,Pass123!,instructor
User821,User,User821@test.com,Pass123!,instructor
User822,User,User822@test.com,Pass123!,instructor
User823,User,User823@test.com,Pass123!,instructor
User824,User,User824@test.com,Pass123!,instructor
User825,User,User825@test.com,Pass123!,instructor
User826,User,User826@test.com,Pass123!,instructor
User827,User,User827@test.com,Pass123!,instructor
User828,User,User828@test.com,Pass123!,instructor
User829,User,User829@test.com,Pass123!,instructor
User830,User,User830@test.com,Pass123!,instructor
User831,User,User831@test.com,Pass123!,instructor
User832,User,User832@test.com,Pass123!,instructor
User833,User,User833@test.com,Pass123!,instructor
User834,User,User834@test.com,Pass123!,instructor
User835,User,User835@test.com,Pass123!,instructor
User836,User,User836@test.com,Pass123!,instructor
User837,User,User837@test.com,Pass123!,instructor
User838,User,User838@test.com,Pass123!,instructor
User839,User,User839@test.com,Pass123!,instructor
User840,User,User840@test.com,Pass123!,instructor
User841,User,User841@test.com,Pass123!,instructor
User842,User,User842@test.com,Pass123!,instructor
User843,User,User843@test.com,Pass123!,instructor
User844,User,User844@test.com,Pass123!,instructor
User845,User,User845@test.com,Pass123!,instructor
User846,User,User846@test.com,Pass123!,instructor
User847,User,User847@test.com,Pass123!,instructor
User848,User,User848@test.com,Pass123!,instructor
User849,User,User849@test.com,Pass123!,instructor
User850,User,User850@test.com,Pass123!,instructor
User851,User,User851@test.com,Pass123!,admin
User852,User,User852@test.com,Pass123!,admin
User853,User,User853@test.com,Pass123!,admin
User854,User,User854@test.com,Pass123!,admin
User855,User,User855@test.com,Pass123!,admin
User856,User,User856@test.com,Pass123!,admin
User857,User,User857@test.com,Pass123!,admin
User858,User,User858@test.com,Pass123!,admin
User859,User,User859@test.com,Pass123!,admin
User860,User,User860@test.com,Pass123!,admin
User861,User,User861@test.com,Pass123!,admin
User862,User,User862@test.com,Pass123!,admin
User863,User,User863@test.com,Pass123!,admin
User864,User,User864@test.com,Pass123!,admin
User865,User,User865@test.com,Pass123!,admin
User866,User,User866@test.com,Pass123!,admin
User867,User,User867@test.com,Pass123!,admin
User868,User,User868@test.com,Pass123!,admin
User869,User,User869@test.com,Pass123!,admin
User870,User,User870@test.com,Pass123!,admin
User871,User,User871@test.com,Pass123!,admin
User872,User,User872@test.com,Pass123!,admin
User873,User,User873@test.com,Pass123!,admin
User874,User,User874@test.com,Pass123!,admin
User875,User,User875@test.com,Pass123!,admin
User876,User,User876@test.com,Pass123!,admin
User877,User,User877@test.com,Pass123!,admin
User878,User,User878@test.com,Pass123!,admin
User879,User,User879@test.com,Pass123!,admin
User880,User,User880@test.com,Pass123!,admin
User881,User,User881@test.com,Pass123!,admin
User882,User,User882@test.com,Pass123!,admin
User883,User,User883@test.com,Pass123!,admin
User884,User,User884@test.com,Pass123!,admin
User885,User,User885@test.com,Pass123!,admin
User886,User,User886@test.com,Pass123!,admin
User887,User,User887@test.com,Pass123!,admin
User888,User,User888@test.com,Pass123!,admin
User889,User,User889@test.com,Pass123!,admin
User890,User,User890@test.com,Pass123!,admin
User891,User,User891@test.com,Pass123!,admin
User892,User,User892@test.com,Pass123!,admin
User893,User,User893@test.com,Pass123!,admin
User894,User,User894@test.com,Pass123!,admin
User895,User,User895@test.com,Pass123!,admin
User896,User,User896@test.com,Pass123!,admin
User897,User,User897@test.com,Pass123!,admin
User898,User,User898@test.com,Pass123!,admin
User899,User,User899@test.com,Pass123!,admin
User900,User,User900@test.com,Pass123!,admin
User901,User,User901@test.com,Pass123!,admin
User902,User,User902@test.com,Pass123!,admin
User903,User,User903@test.com,Pass123!,admin
User904,User,User904@test.com,Pass123!,admin
User905,User,User905@test.com,Pass123!,admin
User906,User,User906@test.com,Pass123!,admin
User907,User,User907@test.com,Pass123!,admin
User908,User,User908@test.com,Pass123!,admin
User909,User,User909@test.com,Pass123!,admin
User910,User,User910@test.com,Pass123!,admin
User911,User,User911@test.com,Pass123!,admin
User912,User,User912@test.com,Pass123!,admin
User913,User,User913@test.com,Pass123!,admin
User914,User,User914@test.com,Pass123!,admin
User915,User,User915@test.com,Pass123!,admin
User916,User,User916@test.com,Pass123!,admin
User917,User,User917@test.com,Pass123!,admin
User918,User,User918@test.com,Pass123!,admin
User919,User,User919@test.com,Pass123!,admin
User920,User,User920@test.com,Pass123!,admin
User921,User,User921@test.com,Pass123!,admin
User922,User,User922@test.com,Pass123!,admin
User923,User,User923@test.com,Pass123!,admin
User924,User,User924@test.com,Pass123!,admin
User925,User,User925@test.com,Pass123!,admin
User926,User,User926@test.com,Pass123!,admin
User927,User,User927@test.com,Pass123!,admin
User928,User,User928@test.com,Pass123!,admin
User929,User,User929@test.com,Pass123!,admin
User930,User,User930@test.com,Pass123!,admin
User931,User,User931@test.com,Pass123!,admin
User932,User,User932@test.com,Pass123!,admin
User933,User,User933@test.com,Pass123!,admin
User934,User,User934@test.com,Pass123!,admin
User935,User,User935@test.com,Pass123!,admin
User936,User,User936@test.com,Pass123!,admin
User937,User,User937@test.com,Pass123!,admin
User938,User,User938@test.com,Pass123!,admin
User939,User,User939@test.com,Pass123!,admin
User940,User,User940@test.com,Pass123!,admin
User941,User,User941@test.com,Pass123!,admin
User942,User,User942@test.com,Pass123!,admin
User943,User,User943@test.com,Pass123!,admin
User944,User,User944@test.com,Pass123!,admin
User945,User,User945@test.com,Pass123!,admin
User946,User,User946@test.com,Pass123!,admin
User947,User,User947@test.com,Pass123!,admin
User948,User,User948@test.com,Pass123!,admin
User949,User,User949@test.com,Pass123!,admin
User950,User,User950@test.com,Pass123!,admin
User951,User,User951@test.com,Pass123!,admin
User952,User,User952@test.com,Pass123!,admin
User953,User,User953@test.com,Pass123!,admin
User954,User,User954@test.com,Pass123!,admin
User955,User,User955@test.com,Pass123!,admin
User956,User,User956@test.com,Pass123!,admin
User957,User,User957@test.com,Pass123!,admin
User958,User,User958@test.com,Pass123!,admin
User959,User,User959@test.com,Pass123!,admin
User960,User,User960@test.com,Pass123!,admin
User961,User,User961@test.com,Pass123!,admin
User962,User,User962@test.com,Pass123!,admin
User963,User,User963@test.com,Pass123!,admin
User964,User,User964@test.com,Pass123!,admin
User965,User,User965@test.com,Pass123!,admin
User966,User,User966@test.com,Pass123!,admin
User967,User,User967@test.com,Pass123!,admin
User968,User,User968@test.com,Pass123!,admin
User969,User,User969@test.com,Pass123!,admin
User970,User,User970@test.com,Pass123!,admin
User971,User,User971@test.com,Pass123!,admin
User972,User,User972@test.com,Pass123!,admin
User973,User,User973@test.com,Pass123!,admin
User974,User,User974@test.com,Pass123!,admin
User975,User,User975@test.com,Pass123!,admin
User976,User,User976@test.com,Pass123!,admin
User977,User,User977@test.com,Pass123!,admin
User978,User,User978@test.com,Pass123!,admin
User979,User,User979@test.com,Pass123!,admin
User980,User,User980@test.com,Pass123!,admin
User981,User,User981@test.com,Pass123!,admin
User982,User,User982@test.com,Pass123!,admin
User983,User,User983@test.com,Pass123!,admin
User984,User,User984@test.com,Pass123!,admin
User985,User,User985@test.com,Pass123!,admin
User986,User,User986@test.com,Pass123!,admin
User987,User,User987@test.com,Pass123!,admin
User988,User,User988@test.com,Pass123!,admin
User989,User,User989@test.com,Pass123!,admin
User990,User,User990@test.com,Pass123!,admin
User991,User,User991@test.com,Pass123!,admin
User992,User,User992@test.com,Pass123!,admin
User993,User,User993@test.com,Pass123!,admin
User994,User,User994@test.com,Pass123!,admin
User995,User,User995@test.com,Pass123!,admin
User996,User,User996@test.com,Pass123!,admin
User997,User,User997@test.com,Pass123!,admin
User998,User,User998@test.com,Pass123!,admin
User999,User,User999@test.com,Pass123!,admin
User1000,User,User1000@test.com,Pass123!,admin
